<application>
  <component name="com.intellij.ide.ui.customization.CustomActionsSchema">
    <group value="NavBarVcsGroup" is_group="true" action_type="-1" position="3">
      <path value="root" />
      <path value="Navigation Bar Toolbar" />
      <option name="myInitialPosition" value="-1" />
    </group>
    <group value="ToolbarRunGroup" is_group="true" action_type="-1" position="1">
      <path value="root" />
      <path value="Navigation Bar Toolbar" />
      <option name="myInitialPosition" value="-1" />
    </group>
    <group value="EditorDecreaseFontSizeGlobal" is_action="true" action_type="1" position="1">
      <path value="root" />
      <path value="Navigation Bar Toolbar" />
      <option name="myInitialPosition" value="-1" />
    </group>
    <group value="VcsGroups" is_group="true" action_type="1" position="1">
      <path value="root" />
      <path value="Navigation Bar Toolbar" />
      <path value="NavBarToolBarOthers" />
      <option name="myInitialPosition" value="-1" />
    </group>
  </component>
</application>