<application>
  <component name="ExportableFileTemplateSettings">
    <default_templates>
      <template name="FcompDirectory.jsx" file-name="${nameFuncComp}/${nameFuncComp}" reformat="true" live-template-enabled="false">
        <template name="FcompDirectory.jsx.child.0༏ext༏.module.scss" file-name="${nameFuncComp}" reformat="true" live-template-enabled="false" />
      </template>
      <template name="FcompDirectory.jsx.child.0༏ext༏.module.scss" file-name="${nameFuncComp}" reformat="true" live-template-enabled="false" />
      <template name="FSD DIrectory.tsx" file-name="${name}/${name}" reformat="true" live-template-enabled="false">
        <template name="FSD DIrectory.tsx.child.0༏ext༏.module.scss" file-name="${name}/${name}/" reformat="true" live-template-enabled="false" />
      </template>
      <template name="FSD DIrectory.tsx.child.0༏ext༏.module.scss" file-name="${name}/${name}/" reformat="true" live-template-enabled="false" />
      <template name="index.tsx.tsx" file-name="index" reformat="true" live-template-enabled="false" />
      <template name="JSX component directory.jsx" file-name="${nameFuncComp}/${nameFuncComp}" reformat="true" live-template-enabled="false">
        <template name="JSX component directory.jsx.child.0༏ext༏.module.scss" file-name="${nameFuncComp}" reformat="true" live-template-enabled="false" />
      </template>
      <template name="JSX component directory.jsx.child.0༏ext༏.module.scss" file-name="${nameFuncComp}" reformat="true" live-template-enabled="false" />
      <template name="JSX file.jsx" file-name="${Name}" reformat="true" live-template-enabled="false" />
      <template name="TSX component directory.tsx" file-name="${name}/${name}" reformat="true" live-template-enabled="false">
        <template name="TSX component directory.tsx.child.0༏ext༏.module.scss" file-name="${name}/${name}/" reformat="true" live-template-enabled="false" />
      </template>
      <template name="TSX component directory.tsx.child.0༏ext༏.module.scss" file-name="${name}/${name}/" reformat="true" live-template-enabled="false" />
      <template name="TSX file.tsx" file-name="${name}" reformat="true" live-template-enabled="false" />
      <template name="TSX index directory.tsx" file-name="${name}/${name}" reformat="true" live-template-enabled="false">
        <template name="TSX index directory.tsx.child.0༏ext༏.module.scss" file-name="${name}/${name}/" reformat="true" live-template-enabled="false" />
        <template name="TSX index directory.tsx.child.1.ts" file-name="${name}/index" reformat="true" live-template-enabled="false" />
      </template>
      <template name="TSX index directory.tsx.child.0༏ext༏.module.scss" file-name="${name}/${name}/" reformat="true" live-template-enabled="false" />
      <template name="TSX index directory.tsx.child.1.ts" file-name="${name}/index" reformat="true" live-template-enabled="false" />
    </default_templates>
  </component>
</application>