<keymap version="1" name="macOS copy" parent="Mac OS X 10.5+">
  <action id="ChangesView.Rename">
    <keyboard-shortcut first-keystroke="f2" />
  </action>
  <action id="Git.Rename.Local.Branch">
    <keyboard-shortcut first-keystroke="f2" />
  </action>
  <action id="Git.Reword.Commit">
    <keyboard-shortcut first-keystroke="f2" />
  </action>
  <action id="IntroduceField" />
  <action id="NewDir">
    <keyboard-shortcut first-keystroke="meta alt g" />
  </action>
  <action id="NewFile">
    <keyboard-shortcut first-keystroke="meta alt f" />
  </action>
  <action id="RenameElement">
    <keyboard-shortcut first-keystroke="shift f6" />
    <keyboard-shortcut first-keystroke="alt back_slash" />
  </action>
  <action id="ShelvedChanges.Rename">
    <keyboard-shortcut first-keystroke="f2" />
  </action>
</keymap>